<?xml version="1.0" encoding="UTF-8"?>
<gesmes:Envelope xmlns:gesmes="http://www.gesmes.org/xml/2002-08-01" xmlns="http://www.ecb.int/vocabulary/2002-08-01/eurofxref">
	<gesmes:subject>Reference rates</gesmes:subject>
	<gesmes:Sender>
		<gesmes:name>European Central Bank</gesmes:name>
	</gesmes:Sender>
	<Cube>
		<Cube time='2017-10-25'>
			<Cube currency='USD' rate='1.1785'/>
			<Cube currency='JPY' rate='134.41'/>
			<Cube currency='BGN' rate='1.9558'/>
			<Cube currency='CZK' rate='25.589'/>
			<Cube currency='DKK' rate='7.4429'/>
			<Cube currency='GBP' rate='0.88883'/>
			<Cube currency='HUF' rate='310.16'/>
			<Cube currency='PLN' rate='4.2355'/>
			<Cube currency='RON' rate='4.5975'/>
			<Cube currency='SEK' rate='9.6858'/>
			<Cube currency='CHF' rate='1.1690'/>
			<Cube currency='NOK' rate='9.4383'/>
			<Cube currency='HRK' rate='7.5148'/>
			<Cube currency='RUB' rate='67.8640'/>
			<Cube currency='TRY' rate='4.3970'/>
			<Cube currency='AUD' rate='1.5282'/>
			<Cube currency='BRL' rate='3.8134'/>
			<Cube currency='CAD' rate='1.4963'/>
			<Cube currency='CNY' rate='7.8317'/>
			<Cube currency='HKD' rate='9.1971'/>
			<Cube currency='IDR' rate='15994.60'/>
			<Cube currency='ILS' rate='4.1328'/>
			<Cube currency='INR' rate='76.5140'/>
			<Cube currency='KRW' rate='1325.38'/>
			<Cube currency='MXN' rate='22.6028'/>
			<Cube currency='MYR' rate='4.9915'/>
			<Cube currency='NZD' rate='1.7123'/>
			<Cube currency='PHP' rate='61.039'/>
			<Cube currency='SGD' rate='1.6047'/>
			<Cube currency='THB' rate='39.103'/>
			<Cube currency='ZAR' rate='16.2970'/>
		</Cube>
	</Cube>
</gesmes:Envelope>